step,loss,perplexity,learning_rate
0,0.18359375,1.2015276033445204,0.0
0,0.18359375,1.2015276033445204,0.0
